CASE_ID,ACCIDENT_YEAR,PROC_DATE,JURIS,COLLISION_DATE,COLLISION_TIME,OFFICER_ID,REPORTING_DISTRICT,DAY_OF_WEEK,CHP_SHIFT,POPULATION,CNTY_CITY_LOC,SPECIAL_COND,BEAT_TYPE,CHP_BEAT_TYPE,CITY_DIVISION_LAPD,CHP_BEAT_CLASS,BEAT_NUMBER,PRIMARY_RD,SECONDARY_RD,DISTANCE,DIRECTION,INTERSECTION,WEATHER_1,WEATHER_2,STATE_HWY_IND,CALTRANS_COUNTY,CALTRANS_DISTRICT,STATE_ROUTE,ROUTE_SUFFIX,POSTMILE_PREFIX,POSTMILE,LOCATION_TYPE,RAMP_INTERSECTION,SIDE_OF_HWY,TOW_AWAY,COLLISION_SEVERITY,NUMBER_KILLED,NUMBER_INJURED,PARTY_COUNT,PRIMARY_COLL_FACTOR,PCF_CODE_OF_VIOL,PCF_VIOL_CATEGORY,PCF_VIOLATION,PCF_VIOL_SUBSECTION,HIT_AND_RUN,TYPE_OF_COLLISION,MVIW,PED_ACTION,ROAD_SURFACE,ROAD_COND_1,ROAD_COND_2,LIGHTING,CONTROL_DEVICE,CHP_ROAD_TYPE,PEDESTRIAN_ACCIDENT,BICYCLE_ACCIDENT,MOTORCYCLE_ACCIDENT,TRUCK_ACCIDENT,NOT_PRIVATE_PROPERTY,ALCOHOL_INVOLVED,STWD_VEHTYPE_AT_FAULT,CHP_VEHTYPE_AT_FAULT,COUNT_SEVERE_INJ,COUNT_VISIBLE_INJ,COUNT_COMPLAINT_PAIN,COUNT_PED_KILLED,COUNT_PED_INJURED,COUNT_BICYCLIST_KILLED,COUNT_BICYCLIST_INJURED,COUNT_MC_KILLED,COUNT_MC_INJURED,PRIMARY_RAMP,SECONDARY_RAMP,LATITUDE,LONGITUDE,COUNTY,CITY,POINT_X,POINT_Y
8326942,2017,2017-03-24,1942,2017-02-11,2045,40730,1361,6,5,7,1942,0,0,0,M,0,24T33,"GRAND AV","48TH ST",54.00,N,N,A,-,N,,,,,,,,,,Y,2,0,1,1,A,-,03,22350,,N,E,I,A,A,H,-,C,D,0,,,,,Y,,A,08,1,0,0,0,0,0,0,0,0,"- ","- ",,,"LOS ANGELES","LOS ANGELES",-118.28039204,33.999366950000002
8348323,2017,2017-04-27,1942,2017-03-20,2010,42313,1266,1,5,7,1942,0,0,0,L,0,12X18,"HOOVER ST","81ST ST",10.00,S,N,A,-,N,,,,,,,,,,N,2,0,1,2,A,-,05,21650,1,F,H,G,A,A,H,-,C,D,0,,Y,,,Y,,L,04,1,0,0,0,0,0,1,0,0,"- ","- ",,,"LOS ANGELES","LOS ANGELES",-118.28712,33.965422570000001
8348508,2017,2017-04-28,1942,2017-04-07,2345,37792,1256,5,5,7,1942,0,0,0,L,0,12XL59,"74TH ST","FIGUEROA ST",120.00,E,N,A,-,N,,,,,,,,,,N,2,0,1,2,A,-,21,22106,,F,G,B,E,B,H,-,C,D,0,Y,,,,Y,,-,99,1,0,0,0,1,0,0,0,0,"- ","- ",,,"LOS ANGELES","LOS ANGELES",-118.28231520999999,33.972721120000003
8354376,2017,2017-05-04,1942,2017-04-18,1450,42642,1248,2,5,7,1942,0,0,0,L,0,12A69,"FLORENCE AV","HOOVER ST",295.00,W,N,A,-,N,,,,,,,,,,Y,2,0,1,2,A,-,05,21650,1,N,G,G,A,A,H,-,A,D,0,,Y,,,Y,,L,04,1,0,0,0,0,0,1,0,0,"- ","- ",,,"LOS ANGELES","LOS ANGELES",-118.28808110999999,33.974640000000001
8370790,2017,2017-07-28,1942,2017-04-30,2045,41344,1257,7,5,7,1942,0,0,0,L,0,12A31,"FIGUEROA ST","80TH ST",3.00,N,N,A,-,N,,,,,,,,,,Y,2,0,1,2,A,-,03,22350,,N,C,C,A,A,H,-,C,D,0,,,,,Y,,A,07,1,0,0,0,0,0,0,0,0,"- ","- ",,,"LOS ANGELES","LOS ANGELES",-118.28272,33.966908230000001
8401608,2017,2017-07-11,1942,2017-06-29,0040,41977,1249,4,5,7,1942,0,0,0,L,0,12T43,"FIGUEROA ST","73RD ST",12.00,N,N,A,-,N,,,,,,,,,,Y,2,0,1,2,A,-,11,21956,A,N,D,B,D,A,H,-,C,D,0,Y,,,,Y,,N,60,1,0,0,0,1,0,0,0,0,"- ","- ",,,"LOS ANGELES","LOS ANGELES",-118.28270000000001,33.973712910000003
8404369,2017,2017-07-28,1942,2017-05-22,1115,35936,1239,1,5,7,1942,0,0,0,L,0,3TL5,"VERMONT AV","59TH ST",0.00,,Y,A,-,N,,,,,,,,,,Y,1,1,2,3,A,-,12,21453,A,N,D,B,F,A,H,-,A,A,0,Y,,,,Y,,A,01,0,2,0,1,0,0,0,0,0,"- ","- ",,,"LOS ANGELES","LOS ANGELES",-118.291478,33.987532000000002
8404378,2017,2017-07-28,1942,2017-06-12,1850,41917,1257,1,5,7,1942,0,0,0,L,0,18T23,"HOOVER ST","78TH ST",0.00,,Y,A,-,N,,,,,,,,,,N,1,1,0,2,A,-,10,21950,A,N,G,B,B,A,H,-,A,D,0,Y,,,,Y,,A,07,0,0,0,1,0,0,0,0,0,"- ","- ",,,"LOS ANGELES","LOS ANGELES",-118.28713001,33.9687901
8404624,2017,2018-05-11,1942,2017-10-05,0814,36363,1203,4,5,7,1942,0,0,0,L,0,12A3,"FIGUEROA ST","49TH ST",35.00,N,N,A,-,N,,,,,,,,,,N,1,1,0,2,A,-,11,21954,A,N,-,B,C,A,H,-,A,A,0,Y,,,,Y,,N,60,0,0,0,1,0,0,0,0,0,"- ","- ",,,"LOS ANGELES","LOS ANGELES",-118.28272,33.998855990000003
8405699,2017,2017-07-11,1942,2017-06-26,2350,40832,1208,1,5,7,1942,0,0,0,L,0,12XL7,HOOVER,"45TH ST",0.00,,Y,A,-,N,,,,,,,,,,Y,2,0,1,2,A,-,08,22107,,N,A,C,A,-,H,-,C,D,0,,,Y,,Y,,A,01,1,0,0,0,0,0,0,0,1,"- ","- ",,,"LOS ANGELES","LOS ANGELES",-118.28716007,34.002710010000001
8410244,2017,2017-07-26,1942,2017-07-12,1330,31288,1208,3,5,7,1942,0,0,0,L,0,3TL57,"HOOVER ST","47TH ST",134.00,S,N,A,-,N,,,,,,,,,,Y,2,0,1,2,A,-,11,21954,A,N,G,B,D,A,H,-,A,D,0,Y,,,,Y,,N,60,1,0,0,0,1,0,0,0,0,"- ","- ",,,"LOS ANGELES","LOS ANGELES",-118.28715,34.000242499999999
8444761,2017,2017-09-11,1942,2017-08-18,0425,25019,1239,5,5,7,1942,0,0,0,L,0,12A39,"FIGUEROA ST","SLAUSON AV",5.00,S,N,A,-,N,,,,,,,,,,N,2,0,1,2,A,-,12,21453,A,F,G,-,B,A,H,-,C,A,0,Y,,,,Y,,-,99,1,0,0,0,1,0,0,0,0,"- ","- ",,,"LOS ANGELES","LOS ANGELES",-118.28268029,33.989136289999998
8444924,2017,2017-09-01,1942,2017-08-12,1840,42589,1249,6,5,7,1942,0,0,0,L,0,12A45,"HOOVER ST","66TH ST",15.00,S,N,A,-,N,,,,,,,,,,N,2,0,1,2,A,-,03,22350,,N,C,G,A,A,H,-,A,D,0,,,Y,,Y,,O,05,1,0,0,0,0,0,0,0,1,"- ","- ",,,"LOS ANGELES","LOS ANGELES",-118.28708853000001,33.979398879999998
8448512,2017,2017-09-20,1942,2017-09-04,2238,42338,1215,1,5,7,1942,0,0,0,L,0,12A115,"S VERMONT AV","58TH ST",5.00,N,N,A,-,N,,,,,,,,,,Y,2,0,3,3,A,-,03,22350,,N,E,E,A,A,H,-,C,D,0,,,,,Y,,A,01,2,0,1,0,0,0,0,0,0,"- ","- ",,,"LOS ANGELES","LOS ANGELES",-118.29148000000001,33.989673709999998
8451650,2017,2017-09-15,1942,2017-09-05,2305,41056,1249,2,5,7,1942,0,0,0,L,0,25T21,FLORENCE,FLOWER,0.00,,Y,A,-,N,,,,,,,,,,Y,2,0,2,2,A,-,12,21453,A,N,D,C,A,A,H,-,C,A,0,,,,,Y,,A,01,1,0,1,0,0,0,0,0,0,"- ","- ",,,"LOS ANGELES","LOS ANGELES",-118.28126007,33.974650099999998
8454262,2017,2017-10-03,1942,2017-09-13,0145,41870,0396,3,5,7,1942,0,0,0,C,0,25T41,VERNON,VERMONT,0.00,,Y,A,-,N,,,,,,,,,,N,2,0,2,2,A,-,09,21801,A,N,D,C,A,A,H,-,C,A,0,,,,,Y,,A,07,1,0,1,0,0,0,0,0,0,"- ","- ",,,"LOS ANGELES","LOS ANGELES",-118.29157008,34.003680090000003
8465786,2018,2019-05-08,1942,2018-01-19,0920,26101,1257,5,5,7,1942,0,0,0,L,0,12A57,"FIGUEROA ST","79TH ST",8.00,N,N,B,-,N,,,,,,,,,,N,1,1,0,2,A,-,10,21950,A,F,G,B,B,A,H,-,A,A,0,Y,,,,Y,,-,99,0,0,0,1,0,0,0,0,0,"- ","- ",,,"LOS ANGELES","LOS ANGELES",-118.28272247314453,33.967861175537109
84678517,2024,2025-05-07,1942,2024-04-14,"555 ",31542,,7,5,7,1942,0,0,0,,0,1351,BROADWAY,"VERNON AVENUE",18.00,N,N,B,-,N,,,,,,,,,,N,1,1,0,2,A,-,08,22107,,N,D,G,A,A,H,-,C,A,0,,Y,,Y,Y,,F,26,0,0,0,0,0,1,0,0,0,"- ","- ",,,"LOS ANGELES","LOS ANGELES",-118.27836608886719,34.003849029541016
8480508,2017,2017-11-06,1942,2017-10-21,2220,42338,1245,6,5,7,1942,0,0,0,L,0,25T21,"VERMONT AV","65TH ST",90.00,S,N,A,-,N,,,,,,,,,,N,2,0,1,2,A,-,11,21954,A,F,G,B,D,A,H,-,C,D,0,Y,,,,Y,,-,99,1,0,0,0,1,0,0,0,0,"- ","- ",,,"LOS ANGELES","LOS ANGELES",-118.29174,33.980244999999996
8485245,2017,2017-12-01,1942,2017-10-14,1530,38878,1255,6,5,7,1942,0,0,0,L,0,3A73,"76TH ST","VERMONT AV",200.00,,N,A,-,N,,,,,,,,,,N,2,0,1,2,A,-,03,22350,,N,-,E,A,A,H,-,A,D,0,,,,,Y,,A,01,1,0,0,0,0,0,0,0,0,"- ","- ",,,"LOS ANGELES","LOS ANGELES",-118.29174002000001,33.971049999999998
8485269,2017,2017-12-01,1942,2017-10-21,1435,41921,1257,6,5,7,1942,0,0,0,L,0,12T2,"W 77TH ST","S VERMONT AV",0.00,,Y,A,-,N,,,,,,,,,,Y,2,0,4,3,A,-,09,21801,A,N,D,D,A,A,H,-,A,A,0,,,,,Y,,A,01,1,2,1,0,0,0,0,0,0,"- ","- ",,,"LOS ANGELES","LOS ANGELES",-118.29187007,33.97023007
8491079,2017,2017-12-13,1942,2017-11-06,1905,42338,1249,1,5,7,1942,0,0,0,L,0,25T45,"DENVER AV","69TH ST",170.00,S,N,A,-,N,,,,,,,,,,Y,2,0,1,3,A,-,06,21750,A,F,A,C,A,A,H,-,C,D,0,,,Y,,Y,,-,99,1,0,0,0,0,0,0,0,1,"- ","- ",,,"LOS ANGELES","LOS ANGELES",-118.28380636,33.976893779999997
8511719,2017,2017-12-27,1942,2017-12-09,1255,43065,0399,6,5,7,1942,0,0,0,C,0,3A19,"W VERNON AV","S FIGUEROA ST",100.00,E,N,A,-,N,,,,,,,,,,N,2,0,1,2,A,-,11,21955,,N,G,B,D,A,H,-,A,A,0,Y,,,,Y,,A,01,1,0,0,0,1,0,0,0,0,"- ","- ",,,"LOS ANGELES","LOS ANGELES",-118.28241075,34.003754569999998
8524998,2017,2018-01-11,1942,2017-12-14,1850,39586,1361,4,5,7,1942,0,0,0,M,0,13A61,"47TH ST","GRAND AV",6.00,W,N,A,-,N,,,,,,,,,,N,2,0,1,2,A,-,00,21760,C,F,B,G,A,A,H,-,C,D,0,,Y,,,Y,,-,99,1,0,0,0,0,0,1,0,0,"- ","- ",,,"LOS ANGELES","LOS ANGELES",-118.28052975999999,34.001040000000003
8525841,2017,2018-01-05,1942,2017-12-16,1510,35267,0397,6,5,7,1942,0,0,0,C,0,3A99,"S VERMONT AV","42ND ST",10.00,N,N,A,-,N,,,,,,,,,,N,2,0,1,2,A,-,03,22350,,F,G,B,B,A,H,-,A,D,0,Y,,,,Y,,-,99,1,0,0,0,1,0,0,0,0,"- ","- ",,,"LOS ANGELES","LOS ANGELES",-118.29155928,34.007327420000003
8531645,2017,2018-01-19,1942,2017-12-06,1500,42867,18,3,5,7,1942,0,0,0,R,0,18A1,"FLORENCE AV",ESTRELLA,0.00,,Y,A,-,N,,,,,,,,,,Y,2,0,2,3,A,-,03,22350,,F,G,B,F,A,H,-,A,D,0,Y,,,,Y,,A,01,1,1,0,0,2,0,0,0,0,"- ","- ",,,"LOS ANGELES","LOS ANGELES",-118.28489012,33.974660120000003
8533268,2017,2018-03-03,1942,2017-12-08,2155,41761,1267,5,5,7,1942,0,0,0,L,0,12A15,"VERMONT AV","84TH ST",0.00,,Y,A,-,N,,,,,,,,,,Y,2,0,2,1,A,-,03,22350,,N,E,I,A,A,H,-,C,A,0,,,,,Y,,A,01,1,0,1,0,0,0,0,0,0,"- ","- ",,,"LOS ANGELES","LOS ANGELES",-118.29159199999999,33.962733999999998
8533757,2017,2018-01-18,1942,2017-12-17,1730,42496,1248,7,5,7,1942,0,0,0,L,0,18A44,"VERMONT AV","GAGE AV",30.00,S,N,A,-,N,,,,,,,,,,,2,0,1,2,A,-,08,22100,,N,D,G,A,A,H,-,C,A,0,,,Y,,Y,,A,01,1,0,0,0,0,0,0,0,1,"- ","- ",,,"LOS ANGELES","LOS ANGELES",-118.29163247,33.981881100000003
8543072,2017,2018-02-05,1942,2017-12-29,2322,42642,1218,5,5,7,1942,0,0,0,L,0,12X18,"SLAUSON AV","VERMONT AV",0.00,,Y,A,-,N,,,,,,,,,,N,2,0,1,2,A,-,11,21456,B,F,G,B,B,A,H,-,C,A,0,Y,,,,Y,,N,60,1,0,0,0,1,0,0,0,0,"- ","- ",,,"LOS ANGELES","LOS ANGELES",-118.2914701,33.989130099999997
8555628,2017,2018-02-20,1942,2017-12-23,0125,41582,1245,6,5,7,1942,0,0,0,L,0,12A69,"FLORENCE AV","HOOVER ST",500.00,W,N,A,-,N,,,,,,,,,,Y,2,0,1,1,A,-,01,23152,A,N,A,I,A,A,H,-,C,D,0,,,,,Y,Y,A,01,1,0,0,0,0,0,0,0,0,"- ","- ",,,"LOS ANGELES","LOS ANGELES",-118.28875594,33.974640000000001
8569855,2018,2018-03-27,1942,2018-03-07,2215,42770,1249,3,5,7,1942,0,0,0,L,0,25T21,"FLORENCE AV","HOOVER ST",232.00,W,N,A,-,N,,,,,,,,,,Y,2,0,1,2,A,-,01,23152,A,M,B,E,A,A,H,-,C,D,0,,,,,Y,Y,A,01,1,0,0,0,0,0,0,0,0,"- ","- ",,,"LOS ANGELES","LOS ANGELES",-118.28787231445312,33.974639892578125
8572561,2018,2018-03-13,1942,2018-01-27,0015,41761,1245,6,5,7,1942,0,0,0,L,0,12A15,"VERMONT AV","FLORENCE AV",0.00,,Y,A,-,N,,,,,,,,,,N,2,0,1,2,A,-,10,21950,,F,G,B,B,A,H,-,C,A,0,Y,,,,Y,,-,99,1,0,0,0,1,0,0,0,0,"- ","- ",,,"LOS ANGELES","LOS ANGELES",-118.29174041748047,33.974628448486328
8584191,2018,2018-03-29,1942,2018-03-19,1950,40105,1249,1,5,7,1942,0,0,0,L,0,12A49,"HOOVER ST","66TH ST",69.00,N,N,A,-,N,,,,,,,,,,Y,2,0,2,2,A,-,03,22350,,N,D,C,A,A,H,-,C,-,0,,,,,Y,,D,22,2,0,0,0,0,0,0,0,0,"- ","- ",,,"LOS ANGELES","LOS ANGELES",-118.28708648681641,33.979629516601562
8584916,2018,2018-04-10,1942,2018-03-02,0230,30083,1371,5,5,7,1942,0,0,0,M,0,13A85,"GRAND AV","53RD ST",10.00,S,N,C,-,N,,,,,,,,,,Y,2,0,1,2,A,-,17,21657,,F,A,G,A,B,H,-,C,D,0,,Y,,,Y,,L,04,1,0,0,0,0,0,1,0,0,"- ","- ",,,"LOS ANGELES","LOS ANGELES",-118.28005981445312,33.994163513183594
8585373,2018,2018-04-06,1942,2018-02-22,1843,42201,77125,4,5,7,1942,0,0,0,,0,12X18,"FIGUEROA ST","N 74TH",8.00,S,N,A,-,N,,,,,,,,,,N,2,0,1,2,A,-,03,22350,,F,G,B,D,A,-,-,C,D,0,Y,,,,Y,,-,99,1,0,0,0,1,0,0,0,0,"- ","- ",,,"LOS ANGELES","LOS ANGELES",-118.28270721435547,33.972686767578125
8602447,2018,2018-05-17,1942,2018-05-06,1100,35267,1218,7,5,7,1942,0,0,0,L,0,12A15,"S VERMONT AV","SLAUSON AV",60.00,S,N,A,-,N,,,,,,,,,,Y,2,0,1,2,A,-,08,22107,,N,G,B,F,A,H,-,A,D,0,Y,,,,Y,,A,07,1,0,0,0,1,0,0,0,0,"- ","- ",,,"LOS ANGELES","LOS ANGELES",-118.29147338867188,33.988964080810547
8605906,2018,2018-05-15,1942,2018-04-15,1920,42364,1266,7,5,7,1942,0,0,0,L,0,12A67,"S FIGUEROA ST","W 79TH ST",66.00,S,N,A,-,N,,,,,,,,,,Y,2,0,3,3,A,-,03,22350,,N,C,C,A,A,H,-,C,A,0,,,,Y,Y,,A,07,1,0,2,0,0,0,0,0,0,"- ","- ",,,"LOS ANGELES","LOS ANGELES",-118.28272247314453,33.967658996582031
8608590,2018,2018-05-09,1942,2018-04-15,1055,42665,0398,7,5,7,1942,0,0,0,C,0,3A99,"HOOVER ST","43RD PL",0.00,,Y,A,-,N,,,,,,,,,,Y,2,0,3,4,A,-,09,21801,A,N,D,C,A,A,H,-,A,D,0,,,,,Y,,A,01,2,0,1,0,0,0,0,0,0,"- ","- ",,,"LOS ANGELES","LOS ANGELES",-118.28717041015625,34.004611968994141
8618980,2018,2018-05-18,1942,2018-04-05,2205,42804,0398,4,5,7,1942,0,0,0,C,0,3A99,"FIGUEROA ST","41ST PL",10.00,N,N,A,-,N,,,,,,,,,,N,2,0,1,2,A,-,11,21954,A,N,G,B,D,A,H,-,C,A,0,Y,,,,Y,Y,N,60,1,0,0,0,1,0,0,0,0,"- ","- ",,,"LOS ANGELES","LOS ANGELES",-118.28273010253906,34.008327484130859
8630997,2018,2018-06-06,1942,2018-04-15,1135,42854,1239,7,5,7,1942,0,0,0,L,0,12X58,"FIGUEROA ST","62ND ST",0.00,,Y,A,-,N,,,,,,,,,,Y,2,0,1,2,A,-,08,22107,,N,D,C,A,A,H,-,A,D,0,,,Y,,Y,,A,07,1,0,0,0,0,0,0,0,1,"- ","- ",,,"LOS ANGELES","LOS ANGELES",-118.28266906738281,33.983249664306641
8635491,2018,2018-06-21,1942,2018-05-27,1600,42672,1207,7,5,7,1942,0,0,0,L,0,12A15,"47TH ST","WESLEY AV",0.00,,Y,A,-,N,,,,,,,,,,N,2,0,2,3,A,-,10,21950,A,N,G,B,C,A,H,-,A,D,0,Y,,,,Y,,A,01,1,1,0,0,2,0,0,0,0,"- ","- ",,,"LOS ANGELES","LOS ANGELES",-118.28780364990234,34.000568389892578
8645195,2018,2018-07-05,1942,2018-06-11,1100,41129,1267,1,5,7,1942,0,0,0,L,0,12A67,"SOUTH HOOVER ST","WEST 85TH ST",0.00,,Y,A,-,N,,,,,,,,,,N,2,0,1,2,A,-,12,22450,A,F,D,G,A,A,H,-,A,A,0,,Y,,,Y,,-,99,1,0,0,0,0,0,1,0,0,"- ","- ",,,"LOS ANGELES","LOS ANGELES",-118.28710174560547,33.961250305175781
8648062,2018,2020-05-21,1942,2018-06-14,0435,41911,1245,4,5,7,1942,0,0,0,L,0,12A45,"W FLORENCE AV","KANSAS AV",50.00,W,N,A,-,N,,,,,,,,,,Y,1,1,0,2,A,-,11,21953,,N,-,B,D,-,H,-,C,D,0,Y,,,,Y,,N,60,0,0,0,1,0,0,0,0,0,"- ","- ",,,"LOS ANGELES","LOS ANGELES",-118.29386138916016,33.974609375
8648436,2018,2020-05-21,1942,2018-11-07,2150,42069,1219,3,5,7,1942,0,0,0,L,0,12A15,"FIGUEROA ST","57TH ST",0.00,,Y,A,-,N,,,,,,,,,,N,1,1,0,2,A,-,10,21950,A,F,G,B,B,A,H,-,C,A,0,Y,,,,Y,,-,99,0,0,0,1,0,0,0,0,0,"- ","- ",,,"LOS ANGELES","LOS ANGELES",-118.28267669677734,33.990550994873047
8648491,2018,2020-05-22,1942,2018-11-20,2025,35393,1391,2,5,7,1942,0,0,0,M,0,13A93,"FLORENCE AV","GRAND AV",0.00,,Y,A,-,N,,,,,,,,,,N,1,1,0,2,A,-,17,21451,A,N,D,G,A,A,H,-,C,A,0,,Y,,,Y,,D,22,0,0,0,0,0,1,0,0,0,"- ","- ",,,"LOS ANGELES","LOS ANGELES",-118.28029632568359,33.974658966064453
8658589,2018,2018-07-11,1942,2018-06-18,0135,41832,1209,1,5,7,1942,0,0,0,L,0,12A93,"FIGUEROA ST","48TH ST",50.00,N,N,A,-,N,,,,,,,,,,N,2,0,1,2,A,-,11,21955,,N,G,B,D,A,H,-,C,D,0,Y,,,,Y,,A,01,1,0,0,0,1,0,0,0,0,"- ","- ",,,"LOS ANGELES","LOS ANGELES",-118.28272247314453,33.999786376953125
8659137,2018,2018-07-20,1942,2018-07-04,2100,42338,1239,3,5,7,1942,0,0,0,L,0,12A49,"BONSALLO AV","59TH ST",224.00,N,N,A,-,N,,,,,,,,,,N,2,0,1,2,A,-,11,21954,A,N,G,B,E,A,H,-,C,D,0,Y,,,,Y,,N,60,1,0,0,0,1,0,0,0,0,"- ","- ",,,"LOS ANGELES","LOS ANGELES",-118.28595733642578,33.988132476806641
8672309,2018,2018-08-16,1942,2018-07-06,2000,41977,1256,5,5,7,1942,0,0,0,L,0,12A57,"W FLORENCE AV","DENVER AV",185.00,W,N,A,-,N,,,,,,,,,,N,2,0,2,2,A,-,11,21954,A,N,G,B,E,A,H,-,B,A,0,Y,,,,Y,,N,60,1,0,1,0,1,0,0,0,0,"- ","- ",,,"LOS ANGELES","LOS ANGELES",-118.28441619873047,33.974658966064453
8679270,2018,2018-10-05,1942,2018-08-02,1645,40105,1249,4,5,7,1942,0,0,0,L,0,12A49,"S FIGUEROA ST","W GAGE AV",100.00,N,N,A,-,N,,,,,,,,,,N,2,0,1,2,A,-,05,21650,,N,D,G,A,A,H,-,A,D,0,,Y,,,Y,,L,04,1,0,0,0,0,0,1,0,0,"- ","- ",,,"LOS ANGELES","LOS ANGELES",-118.28266906738281,33.982654571533203
8686048,2018,2018-10-09,1942,2018-08-09,1530,38503,1239,4,5,7,1942,0,0,0,L,0,25T22,"FIGUEROA ST","59TH PL",34.00,N,N,A,-,N,,,,,,,,,,N,2,0,12,3,A,-,01,23152,F,N,C,C,A,A,H,-,A,A,0,,,,,Y,Y,A,01,6,5,1,0,0,0,0,0,0,"- ","- ",,,"LOS ANGELES","LOS ANGELES",-118.28269958496094,33.986034393310547
8690016,2018,2019-01-17,1942,2018-07-10,1015,41129,1218,2,5,7,1942,0,0,0,L,0,12A15,"VERMONT AV","58TH ST",3.00,S,N,A,-,N,,,,,,,,,,N,2,0,1,2,A,-,10,21950,A,N,G,B,B,A,H,-,A,D,0,Y,,,,Y,,A,01,1,0,0,0,1,0,0,0,0,"- ","- ",,,"LOS ANGELES","LOS ANGELES",-118.291479,33.989649999999997
8703271,2018,2018-10-12,1942,2018-09-23,0940,39745,1205,7,5,7,1942,0,0,0,L,0,25MQ13,"S VERMONT AV","49TH ST",84.00,N,N,A,-,N,,,,,,,,,,N,2,0,1,2,A,-,21,22106,,N,B,G,A,A,H,-,A,D,0,,Y,,,Y,Y,L,04,1,0,0,0,0,0,1,0,0,"- ","- ",,,"LOS ANGELES","LOS ANGELES",-118.29154205322266,33.998939514160156
8706127,2018,2018-10-05,1942,2018-07-15,0255,42096,1256,7,5,7,1942,0,0,0,L,0,12A31,FLORENCE,FLOWER,0.00,,Y,A,-,N,,,,,,,,,,Y,2,0,1,2,A,-,09,21801,A,N,A,C,A,A,H,-,C,A,0,,,,,Y,,A,01,1,0,0,0,0,0,0,0,0,"- ","- ",,,"LOS ANGELES","LOS ANGELES",-118.28125762939453,33.974651336669922
8712334,2018,2018-10-22,1942,2018-10-06,2350,37928,1248,6,5,7,1942,0,0,0,L,0,12A3,"GAGE AV","VERMONT AV",300.00,E,N,A,-,N,,,,,,,,,,Y,2,0,2,3,A,-,03,22350,,N,C,E,A,A,H,-,C,D,0,,,,,Y,,A,07,1,0,1,0,0,0,0,0,0,"- ","- ",,,"LOS ANGELES","LOS ANGELES",-118.29055023193359,33.981918334960938
8712496,2018,2018-11-09,1942,2018-10-06,2110,43122,1207,6,5,7,1942,0,0,0,L,0,12A15,"VERMONT AV","47TH ST",60.00,S,N,A,-,N,,,,,,,,,,Y,2,0,2,3,A,-,11,21954,A,N,G,B,D,A,H,-,C,A,0,Y,,,,Y,,N,60,1,1,0,0,2,0,0,0,0,"- ","- ",,,"LOS ANGELES","LOS ANGELES",-118.291538,34.000351000000002
8716660,2018,2018-10-17,1942,2018-10-01,1540,41973,1256,1,5,7,1942,0,0,0,L,0,12A57,"W FLORENCE AV","MENLO AV",184.00,E,N,A,-,N,,,,,,,,,,N,2,0,1,3,A,-,11,21954,A,N,G,B,D,A,H,-,A,D,0,Y,,,,Y,,N,60,1,0,0,0,1,0,0,0,0,"- ","- ",,,"LOS ANGELES","LOS ANGELES",-118.28864288330078,33.974639892578125
8725699,2018,2018-11-01,1942,2018-09-27,2215,30083,1351,4,5,7,1942,0,0,0,M,0,13A41,"S BROADWAY","W VERNON AV",0.00,,Y,A,-,N,,,,,,,,,,Y,2,0,1,2,A,-,01,23152,A,F,D,C,A,A,H,-,C,A,0,,,Y,,Y,Y,A,01,1,0,0,0,0,0,0,0,1,"- ","- ",,,"LOS ANGELES","LOS ANGELES",-118.27837371826172,34.003799438476562
8735408,2018,2018-11-21,1942,2018-11-03,0655,37724,1257,6,5,7,1942,0,0,0,L,0,12A57,"W 77TH ST","FIGUEROA ST",250.00,W,N,A,-,N,,,,,,,,,,N,2,0,1,2,A,-,11,21956,A,N,G,B,D,A,H,-,A,D,0,Y,,,,Y,,N,60,1,0,0,0,1,0,0,0,0,"- ","- ",,,"LOS ANGELES","LOS ANGELES",-118.28354644775391,33.969783782958984
8736174,2018,2018-11-19,1942,2018-10-12,2050,42883,1215,5,5,7,1942,0,0,0,L,0,12A45,"54TH ST",VERMONT,100.00,E,N,C,-,N,,,,,,,,,,N,2,0,1,2,A,-,11,21954,A,F,G,B,D,B,H,-,C,D,0,Y,,,,Y,,-,99,1,0,0,0,1,0,0,0,0,"- ","- ",,,"LOS ANGELES","LOS ANGELES",-118.29116821289062,33.993217468261719
8743826,2018,2018-12-19,1942,2018-10-14,1900,43230,1239,7,5,7,1942,0,0,0,L,0,12A39,"HOOVER ST","SLAUSON AV",30.00,S,N,A,-,N,,,,,,,,,,N,2,0,1,2,A,-,03,22350,,F,B,B,D,A,H,-,C,A,0,Y,,,,Y,,-,99,1,0,0,0,1,0,0,0,0,"- ","- ",,,"LOS ANGELES","LOS ANGELES",-118.28713226318359,33.989059448242188
8783162,2018,2019-01-25,1942,2018-12-14,1745,41143,1L68,5,5,7,1942,0,0,0,,0,12X58,"FLORENCE AV","HOOVER BL",300.00,W,N,A,-,N,,,,,,,,,,N,2,0,1,2,A,-,07,21658,A,N,B,C,A,A,-,-,C,D,0,,,,,Y,,A,01,1,0,0,0,0,0,0,0,0,"- ","- ",,,"LOS ANGELES","LOS ANGELES",-118.28810119628906,33.974639892578125
8786165,2018,2019-02-11,1942,2018-12-31,1950,40543,1209,1,5,7,1942,0,0,0,L,0,12A3,"FIGUEROA ST","49TH ST",60.00,S,N,A,-,N,,,,,,,,,,Y,2,0,2,2,A,-,01,23152,A,N,C,C,A,A,H,-,C,D,0,,,,,Y,Y,D,22,1,0,1,0,0,0,0,0,0,"- ","- ",,,"LOS ANGELES","LOS ANGELES",-118.28272247314453,33.99859619140625