CASE_ID,ACCIDENT_YEAR,PROC_DATE,JURIS,COLLISION_DATE,COLLISION_TIME,OFFICER_ID,REPORTING_DISTRICT,DAY_OF_WEEK,CHP_SHIFT,POPULATION,CNTY_CITY_LOC,SPECIAL_COND,BEAT_TYPE,CHP_BEAT_TYPE,CITY_DIVISION_LAPD,CHP_BEAT_CLASS,BEAT_NUMBER,PRIMARY_RD,SECONDARY_RD,DISTANCE,DIRECTION,INTERSECTION,WEATHER_1,WEATHER_2,STATE_HWY_IND,CALTRANS_COUNTY,CALTRANS_DISTRICT,STATE_ROUTE,ROUTE_SUFFIX,POSTMILE_PREFIX,POSTMILE,LOCATION_TYPE,RAMP_INTERSECTION,SIDE_OF_HWY,TOW_AWAY,COLLISION_SEVERITY,NUMBER_KILLED,NUMBER_INJURED,PARTY_COUNT,PRIMARY_COLL_FACTOR,PCF_CODE_OF_VIOL,PCF_VIOL_CATEGORY,PCF_VIOLATION,PCF_VIOL_SUBSECTION,HIT_AND_RUN,TYPE_OF_COLLISION,MVIW,PED_ACTION,ROAD_SURFACE,ROAD_COND_1,ROAD_COND_2,LIGHTING,CONTROL_DEVICE,CHP_ROAD_TYPE,PEDESTRIAN_ACCIDENT,BICYCLE_ACCIDENT,MOTORCYCLE_ACCIDENT,TRUCK_ACCIDENT,NOT_PRIVATE_PROPERTY,ALCOHOL_INVOLVED,STWD_VEHTYPE_AT_FAULT,CHP_VEHTYPE_AT_FAULT,COUNT_SEVERE_INJ,COUNT_VISIBLE_INJ,COUNT_COMPLAINT_PAIN,COUNT_PED_KILLED,COUNT_PED_INJURED,COUNT_BICYCLIST_KILLED,COUNT_BICYCLIST_INJURED,COUNT_MC_KILLED,COUNT_MC_INJURED,PRIMARY_RAMP,SECONDARY_RAMP,LATITUDE,LONGITUDE,COUNTY,CITY,POINT_X,POINT_Y
8606114,2018,2018-05-14,1942,2018-03-24,2353,37928,1215,6,5,7,1942,0,0,0,L,0,12A93,"SLAUSON AV","VERMONT AV",40.00,W,N,A,-,N,,,,,,,,,,Y,2,0,1,1,A,-,03,22350,,N,E,I,A,A,H,-,C,D,0,,,,,Y,,A,01,1,0,0,0,0,0,0,0,0,"- ","- ",,,"LOS ANGELES","LOS ANGELES",-118.29160308837891,33.989128112792969
8630329,2018,2018-06-06,1942,2018-05-10,0810,32973,1371,4,5,7,1942,0,0,0,M,0,13A85,"SOUTH 55TH ST","WEST BROADWAY",0.00,,Y,A,-,N,,,,,,,,,,Y,2,0,1,2,A,-,09,21802,A,N,D,C,A,A,H,-,A,A,0,,,Y,,Y,,A,01,1,0,0,0,0,0,0,0,1,"- ","- ",,,"LOS ANGELES","LOS ANGELES",-118.27831268310547,33.992389678955078
8705379,2018,2018-10-26,1942,2018-08-26,1435,37560,1209,7,5,7,1942,0,0,0,L,0,25TL24,"FIGUEROA ST","47TH ST",8.00,N,N,A,-,N,,,,,,,,,,N,2,0,1,2,-,-,"- ",,,F,H,G,A,A,H,-,A,D,0,,Y,,,Y,Y,-,"- ",1,0,0,0,0,0,1,0,0,"- ","- ",,,"LOS ANGELES","LOS ANGELES",-118.28272247314453,34.001041412353516
8717072,2018,2018-11-02,1942,2018-08-26,0125,36031,1265,7,5,7,1942,0,0,0,L,0,12A93,"MANCHESTER AV","BUDLONG AV",300.00,E,N,A,-,N,,,,,,,,,,N,2,0,1,2,A,-,11,21954,A,N,G,B,D,A,H,-,C,D,0,Y,,,,Y,,N,60,1,0,0,0,1,0,0,0,0,"- ","- ",,,"LOS ANGELES","LOS ANGELES",-118.29492950439453,33.960010528564453
8742406,2018,2018-11-26,1942,2018-10-12,1900,42665,0396,5,5,7,1942,0,0,0,C,0,3A99,"VERNON AV","VERMONT AV",197.00,E,N,A,-,N,,,,,,,,,,N,2,0,1,2,A,-,11,21954,A,N,G,B,D,A,H,-,A,D,0,Y,,,,Y,,N,60,1,0,0,0,1,0,0,0,0,"- ","- ",,,"LOS ANGELES","LOS ANGELES",-118.29092407226562,34.003688812255859
8808150,2019,2021-05-25,1942,2019-03-30,2140,41870,1218,6,5,7,1942,0,0,0,L,0,12A15,"W 54TH ST","HOOVER ST",565.00,E,N,A,-,N,,,,,,,,,,N,1,1,0,2,A,-,03,22350,,F,G,B,D,A,H,-,C,D,0,Y,,,,Y,Y,-,99,0,0,0,1,0,0,0,0,0,"- ","- ",,,"LOS ANGELES","LOS ANGELES",-118.28529357910156,33.993267059326172
8880163,2019,2019-06-21,1942,2019-06-06,0200,37618,1257,4,5,7,1942,0,0,0,L,0,25T29,"S FIGUEROA ST","W 79TH ST",0.00,,Y,B,-,N,,,,,,,,,,Y,2,0,1,2,A,-,11,21456,B,N,G,B,B,A,H,-,C,A,0,Y,,,,Y,,N,60,1,0,0,0,1,0,0,0,0,"- ","- ",,,"LOS ANGELES","LOS ANGELES",-118.28272247314453,33.967838287353516
8911264,2020,2020-06-29,1942,2020-05-17,0515,41729,1248,7,5,7,1942,0,0,0,L,0,12A49,"W 71ST ST","S VERMONT AV",15.00,E,N,A,-,N,,,,,,,,,,N,1,1,0,2,A,-,11,21954,A,F,G,B,E,A,H,-,A,D,0,Y,,,,Y,,N,60,0,0,0,1,0,0,0,0,0,"- ","- ",,,"LOS ANGELES","LOS ANGELES",-118.29180908203125,33.975448608398438
8934010,2019,2019-09-26,1942,2019-07-21,1631,43800,0396,7,5,7,1942,0,0,0,C,0,3A98W4,"VERNON AV","WESLEY AV",130.00,W,N,A,-,N,,,,,,,,,,Y,2,0,2,4,A,-,04,21703,,N,C,C,A,A,-,-,A,D,0,,,,,Y,,A,01,1,1,0,0,0,0,0,0,0,"- ","- ",,,"LOS ANGELES","LOS ANGELES",-118.28826141357422,34.003707885742188
8937184,2019,2019-09-24,1942,2019-07-24,0050,32237,1391,3,5,7,1942,0,0,0,M,0,13A93,"W GAGE AV","S GRAND AV",0.00,,Y,A,-,N,,,,,,,,,,N,2,0,1,2,A,-,11,21950,B,N,G,B,E,A,H,-,C,D,0,Y,,,Y,Y,,N,60,1,0,0,0,1,0,0,0,0,"- ","- ",,,"LOS ANGELES","LOS ANGELES",-118.28016662597656,33.982368469238281
8943188,2019,2019-10-08,1942,2019-08-02,0715,40665,1321,5,5,7,1942,0,0,0,M,0,13A63,"51ST ST",GRAND,0.00,,Y,A,-,N,,,,,,,,,,N,2,0,1,2,A,-,09,21801,,N,D,G,A,A,H,-,A,A,0,,Y,,,Y,,A,01,1,0,0,0,0,0,1,0,0,"- ","- ",,,"LOS ANGELES","LOS ANGELES",-118.28008270263672,33.996471405029297
8958306,2019,2019-10-22,1942,2019-09-11,1445,42672,1207,3,5,7,1942,0,0,0,L,0,12A83,"VERMONT AV","47TH ST",40.00,S,N,A,-,N,,,,,,,,,,N,2,0,1,2,A,-,21,22106,,F,G,B,E,A,H,-,A,A,0,Y,,,,Y,,-,99,1,0,0,0,1,0,0,0,0,"- ","- ",,,"LOS ANGELES","LOS ANGELES",-118.29154205322266,34.000499725341797
9020296,2019,2020-01-08,1942,2019-11-11,1915,42940,1265,1,5,7,1942,0,0,0,L,0,1915,"MANCHESTER AV","MENLO AV",100.00,E,N,A,-,N,,,,,,,,,,N,2,0,1,2,A,-,05,21650,,F,D,G,A,A,H,-,C,D,0,,Y,,,Y,,L,04,1,0,0,0,0,0,1,0,0,"- ","- ",,,"LOS ANGELES","LOS ANGELES",-118.29010009765625,33.960037231445312
9076210,2019,2020-05-20,1942,2019-07-14,1835,37768,1383,7,5,7,1942,0,0,0,M,0,65D237,"SLAUSON AV",BROADWAY,111.00,W,N,A,-,N,,,,,,,,,,N,2,0,4,2,A,-,03,22350,,N,E,I,A,A,H,-,A,D,0,,,,,Y,,A,01,1,2,1,0,0,0,0,0,0,"- ","- ",,,"LOS ANGELES","LOS ANGELES",-118.27866363525391,33.989173889160156
90831453,2018,2018-10-09,9590,2018-09-30,1346,021179,,7,1,7,1942,0,1,1,,2,050,"I-110 N/B (HARBOR FREEWAY)","FLORENCE AVENUE",1000.00,N,N,A,-,Y,,,110,,,,,,N,Y,2,0,1,1,A,-,08,22107,,N,E,I,A,A,H,-,A,D,0,,,,,Y,,A,01,1,0,0,0,0,0,0,0,0,"- ","- ",33.977489471435547,-118.28073120117188,"LOS ANGELES","LOS ANGELES",-118.28072357177734,33.977489471435547
90837906,2018,2020-04-28,9590,2018-08-01,2127,021671,,3,2,7,1942,0,1,1,,2,050,"I-110 N/B (HARBOR FWY.) TO GAGE AVENUE","65TH STREET PEDESTRIAN UNDERCROSSING",11.30,S,N,A,-,Y,,,110,,,,R,,N,N,1,1,0,2,A,-,11,21954,A,N,G,B,E,A,H,-,C,D,0,Y,,,,Y,,N,60,0,0,0,1,0,0,0,0,0,"- ","- ",33.980690002441406,-118.28038787841797,"LOS ANGELES","LOS ANGELES",-118.28038787841797,33.980690002441406
91231137,2020,2020-04-30,9590,2020-04-22,2052,021912,,3,2,7,1942,0,1,1,,2,051,"I-110 S/B (HARBOR FREEWAY)","GAGE AVE.",200.00,N,N,A,-,Y,,,110,,,,,,S,Y,2,0,4,7,A,-,03,22350,,N,G,C,E,A,H,-,D,D,0,Y,,,,Y,,A,07,2,1,1,0,3,0,0,0,0,"- ","- ",33.98297119140625,-118.28070831298828,"LOS ANGELES","LOS ANGELES",-118.28069305419922,33.982967376708984
9131246,2020,2020-10-22,1942,2020-07-04,1615,43787,1265,6,5,7,1942,0,0,0,L,0,12A62,VERMONT,"80TH ST",20.00,N,N,A,-,N,,,,,,,,,,Y,2,0,3,3,A,-,09,21801,A,F,D,C,A,A,-,-,A,-,0,,,Y,,Y,,A,01,1,0,2,0,0,0,0,0,1,"- ","- ",,,"LOS ANGELES","LOS ANGELES",-118.29184722900391,33.96673583984375
9134558,2020,2020-09-25,1942,2020-07-05,0900,40924,1219,7,5,7,1942,0,0,0,L,0,,"FLOWER ST","52ND PL",0.00,,Y,A,-,N,,,,,,,,,,N,2,0,1,2,A,-,12,22450,A,N,D,G,A,A,H,-,A,A,0,,Y,,,Y,,L,04,1,0,0,0,0,0,1,0,0,"- ","- ",,,"LOS ANGELES","LOS ANGELES",-118.28093719482422,33.994998931884766
9138717,2020,2020-09-24,1942,2020-07-22,1530,39678,RD039,3,5,7,1942,0,0,0,,0,,"41ST DR","MENLO AV",0.00,,Y,A,-,N,,,,,,,,,,N,2,0,1,2,A,-,10,21950,,F,D,B,B,A,H,-,A,A,0,Y,,,,Y,Y,-,99,1,0,0,0,1,0,0,0,0,"- ","- ",,,"LOS ANGELES","LOS ANGELES",-118.29000854492188,34.008289337158203
9162328,2020,2020-11-20,1942,2020-09-13,2350,42069,1256,7,5,7,1942,0,0,0,L,0,12A57,"W FLORENCE AV","S VERMONT AV",32.00,E,N,A,-,N,,,,,,,,,,N,2,0,1,2,A,-,03,22350,,F,B,G,A,A,H,-,C,A,0,,Y,,,Y,,-,99,1,0,0,0,0,0,1,0,0,"- ","- ",,,"LOS ANGELES","LOS ANGELES",-118.29163360595703,33.974628448486328
91867765,2021,2022-09-19,9590,2021-08-25,1250,022091,,3,1,7,1942,0,1,1,,2,050,"INTERSTATE 110 NORTHBOUND (HARBOR FREEWAY)","49TH STREET",275.00,N,N,A,-,Y,,,110,,,,,,N,Y,1,1,4,6,A,-,03,22350,,N,C,C,A,A,H,-,A,D,0,,,,,Y,,E,22,0,0,4,0,0,0,0,0,0,"- ","- ",33.999111175537109,-118.28067016601562,"LOS ANGELES","LOS ANGELES",-118.28072357177734,33.999103546142578
9195947,2020,2021-02-13,1942,2020-11-06,2100,43582,LOSAN,5,5,7,1942,0,0,0,,0,1209,"FIGUEROA ST","49TH ST",10.00,N,N,A,-,N,,,,,,,,,,Y,2,0,3,2,A,-,03,22350,,N,C,C,A,A,H,-,D,D,0,,,,,Y,,A,01,1,0,2,0,0,0,0,0,0,"- ","- ",,,"LOS ANGELES","LOS ANGELES",-118.28272247314453,33.998786926269531
9211660,2021,2021-03-04,1942,2021-01-20,1750,41911,1255,3,5,7,1942,0,0,0,L,0,12A53,"S VERMONT AV","W 76TH ST",0.00,,Y,A,-,N,,,,,,,,,,Y,1,1,0,2,A,-,03,22350,,N,D,C,A,A,H,-,C,A,0,,,Y,,Y,,C,03,0,0,0,0,0,0,0,1,0,"- ","- ",,,"LOS ANGELES","LOS ANGELES",-118.29174041748047,33.970714569091797
9214913,2020,2021-02-05,1942,2020-12-12,1430,41688,1256,6,5,7,1942,0,0,0,L,0,12A57,"HOOVER ST","FLORENCE AV",15.00,S,N,A,-,N,,,,,,,,,,N,2,0,1,2,A,-,03,22350,,F,G,B,C,A,H,-,A,D,0,Y,,,,Y,,-,99,1,0,0,0,1,0,0,0,0,"- ","- ",,,"LOS ANGELES","LOS ANGELES",-118.287109375,33.974597930908203
9214917,2020,2021-02-08,1942,2020-12-31,1720,42329,0396,4,5,7,1942,0,0,0,C,0,3A28,"VERNON AV","VERMONT AV",0.00,,Y,A,-,N,,,,,,,,,,Y,2,0,2,2,A,-,12,21453,A,N,A,C,A,A,H,-,C,A,0,,,,,Y,,A,01,1,1,0,0,0,0,0,0,0,"- ","- ",,,"LOS ANGELES","LOS ANGELES",-118.29157257080078,34.003681182861328
92342726,2024,2024-03-20,9590,2024-02-21,2255,023348,,3,3,7,1942,0,1,1,,2,051,"I-110 S/B (HARBOR FREEWAY)","51ST STREET",220.00,N,N,A,-,Y,LA,,110," "," ",18.557,H,,L,N,2,0,2,4,A,-,08,22107,,F,G,1,E,A,H,-,C,D,0,Y,,,,Y,,-,99,1,1,0,0,2,0,0,0,0,"- ","- ",33.997188568115234,-118.28086090087891,"LOS ANGELES","LOS ANGELES",-118.28071594238281,33.997200012207031
92390899,2024,2024-05-15,9590,2024-03-06,"327 ",022720,,3,3,7,1942,0,1,1,,2,051,"INTERSTATE 110 SOUTHBOUND (HARBOR FREEWAY)","MANCHESTER AVENUE UNDERCROSSING",780.00,S,N,B,-,Y,LA,,110," "," ",15.832,H,,L,Y,1,1,0,2,A,-,11,21954,A,N,G,B,E,A,H,-,D,D,0,Y,,,,Y,,N,60,0,0,0,1,0,0,0,0,0,"- ","- ",33.957801818847656,-118.28105163574219,"LOS ANGELES","LOS ANGELES",-118.28092956542969,33.957801818847656
9278136,2021,2021-06-23,1942,2021-05-10,1855,39177,1249,1,5,7,1942,0,0,0,L,0,12A57,"W FLORENCE AV","S FLOWER ST",0.00,,Y,B,-,N,,,,,,,,,,N,2,0,1,2,A,-,05,21650,1,F,D,G,A,A,H,-,A,A,0,,Y,,,Y,,-,99,1,0,0,0,0,0,1,0,0,"- ","- ",,,"LOS ANGELES","LOS ANGELES",-118.28125762939453,33.974647521972656
9286568,2021,2021-07-23,1942,2021-07-08,1820,41844,0378,4,5,7,1942,0,0,0,C,0,25T33,"KING BL",HOOVER,0.00,,Y,A,-,N,,,,,,,,,,Y,2,0,1,2,A,-,09,21801,A,N,D,C,A,A,H,-,A,A,0,,,Y,,Y,,C,02,1,0,0,0,0,0,0,0,1,"- ","- ",,,"LOS ANGELES","LOS ANGELES",-118.28725433349609,34.011081695556641
9295439,2021,2021-07-29,1942,2021-06-08,1955,38202,1239,2,5,7,1942,0,0,0,L,0,MX8485,"62ND ST","BUDLONG AV",100.00,E,N,B,-,N,,,,,,,,,,N,2,0,1,2,A,-,11,21954,A,F,G,B,D,A,H,-,A,A,0,Y,,,,Y,,-,99,1,0,0,0,1,0,0,0,0,"- ","- ",,,"LOS ANGELES","LOS ANGELES",-118.29553985595703,33.983230590820312
9336186,2021,2021-09-27,1942,2021-08-10,2025,41207,1266,2,5,7,1942,0,0,0,L,0,12A93,"82ND ST","FIGUEROA ST",0.00,,Y,A,-,N,,,,,,,,,,N,2,0,1,2,A,-,03,22350,,F,A,B,D,A,H,-,C,D,0,Y,,,,Y,Y,-,99,1,0,0,0,1,0,0,0,0,"- ","- ",,,"LOS ANGELES","LOS ANGELES",-118.28273010253906,33.964290618896484
9380413,2021,2022-01-19,1942,2021-12-09,2034,40105,1801,4,5,7,1942,0,0,0,R,0,25T33,"S VERMONT AV","W 87TH ST",14.00,N,N,B,-,N,,,,,,,,,,Y,2,0,1,2,A,-,11,21954,A,F,G,B,D,A,H,-,C,D,0,Y,,,,Y,,N,60,1,0,0,0,1,0,0,0,0,"- ","- ",,,"LOS ANGELES","LOS ANGELES",-118.29177856445312,33.959018707275391
9385964,2021,2022-01-10,1942,2021-11-17,0500,37840,1245,3,5,7,1942,0,0,0,L,0,12A51W,"FLORENCE AV","VERMONT AV",0.00,,Y,A,-,N,,,,,,,,,,Y,2,0,2,2,D,-,00,,,N,D,D,A,A,H,-,C,A,0,,,,,Y,,-,"- ",1,1,0,0,0,0,0,0,0,"- ","- ",,,"LOS ANGELES","LOS ANGELES",-118.29174041748047,33.974632263183594
9405157,2022,2022-02-25,1942,2022-01-07,0010,36553,1249,5,5,7,1942,0,0,0,L,0,25T31,"FLORENCE AV","DENVER AV",58.00,W,N,A,-,N,,,,,,,,,,Y,2,0,5,2,A,-,08,22102,,N,D,C,A,A,H,-,C,D,0,,,,,Y,,A,01,1,3,1,0,0,0,0,0,0,"- ","- ",,,"LOS ANGELES","LOS ANGELES",-118.28400421142578,33.974658966064453
9444849,2022,2022-05-27,1942,2022-04-20,1830,43209,1255,3,5,7,1942,0,0,0,L,0,PATROL,FLORENCE,VERMONT,100.00,E,N,A,-,N,,,,,,,,,,N,2,0,1,2,A,-,08,22107,,F,B,C,A,A,H,-,A,A,0,,,Y,,Y,,-,99,1,0,0,0,0,0,0,0,1,"- ","- ",,,"LOS ANGELES","LOS ANGELES",-118.29141235351562,33.974628448486328
9454417,2022,2022-07-12,1942,2022-05-27,2000,40700,0396,5,5,7,1942,0,0,0,C,0,25MQ52,"HOOVER ST","43RD PL",0.00,,Y,A,-,N,,,,,,,,,,N,2,0,1,2,A,-,10,21950,A,F,G,B,B,A,H,-,C,A,0,Y,,,,Y,,-,99,1,0,0,0,1,0,0,0,0,"- ","- ",,,"LOS ANGELES","LOS ANGELES",-118.28717041015625,34.004539489746094
9472692,2022,2022-07-21,1942,2022-06-12,0215,43092,1215,7,5,7,1942,0,0,0,L,0,12A31W,"W 54TH ST","VERMONT AV",900.00,W,N,A,-,N,,,,,,,,,,Y,2,0,1,4,A,-,08,22107,,N,B,C,A,A,H,-,C,D,0,,,,,Y,,A,01,1,0,0,0,0,0,0,0,0,"- ","- ",,,"LOS ANGELES","LOS ANGELES",-118.29446411132812,33.993217468261719
9476621,2022,2022-07-29,1942,2022-07-05,0315,43309,1218,2,5,7,1942,0,0,0,L,0,3A41,"SLAUSON AV","HOOVER ST",0.00,,Y,B,-,N,,,,,,,,,,N,2,0,1,2,A,-,12,21453,,N,A,G,A,A,H,-,C,A,0,,Y,,,Y,,L,04,1,0,0,0,0,0,1,0,0,"- ","- ",,,"LOS ANGELES","LOS ANGELES",-118.28713989257812,33.989139556884766
9483100,2022,2022-08-08,1942,2022-06-27,0135,42065,1257,1,5,7,1942,0,0,0,L,0,25T31,"GRAND AV","77TH ST",105.00,N,N,A,-,N,,,,,,,,,,N,2,0,1,2,A,-,11,21954,A,N,G,B,D,A,H,-,C,D,0,Y,,,Y,Y,,N,60,1,0,0,0,1,0,0,0,0,"- ","- ",,,"LOS ANGELES","LOS ANGELES",-118.28030395507812,33.970119476318359
9520048,2022,2022-11-17,1942,2022-10-08,0320,39151,1239,6,5,7,1942,0,0,0,L,0,25T31,"VERMONT AV","SLAUSON AV",0.00,,Y,A,-,N,,,,,,,,,,N,1,1,0,2,A,-,12,21453,A,N,D,C,A,A,H,-,E,A,0,,,,Y,Y,,A,07,0,0,0,0,0,0,0,0,0,"- ","- ",,,"LOS ANGELES","LOS ANGELES",-118.29146575927734,33.989128112792969
9520762,2023,2023-07-26,1942,2023-06-14,2255,40957,1801,3,5,7,1942,0,0,0,R,0,25T35,"HOOVER ST","MANCHESTER AV",287.00,S,N,B,-,N,,,,,,,,,,Y,1,1,0,2,A,-,09,21804,A,N,D,G,A,A,H,-,E,D,0,,Y,,,Y,,A,08,0,0,0,0,0,1,0,0,0,"- ","- ",,,"LOS ANGELES","LOS ANGELES",-118.28697967529297,33.959266662597656
9560050,2023,2023-04-03,1942,2023-02-17,1625,37618,0398,5,5,7,1942,0,0,0,C,0,25MX84,"FIGUEROA ST","43RD ST",0.00,,Y,A,-,N,,,,,,,,,,N,2,0,1,2,A,-,09,21804,A,N,G,J,A,A,H,-,A,A,0,,Y,,,Y,,L,04,1,0,0,0,0,0,1,0,0,"- ","- ",,,"LOS ANGELES","LOS ANGELES",-118.28273773193359,34.005401611328125
9572949,2023,2023-05-08,1942,2023-03-25,2030,42720,1257,6,5,7,1942,0,0,0,L,0,25T31W,"79TH ST","VERMONT AV",548.00,E,N,A,-,N,,,,,,,,,,N,2,0,1,2,A,-,11,21954,A,F,G,B,E,A,H,-,C,D,0,Y,,,,Y,,N,60,1,0,0,0,1,0,0,0,0,"- ","- ",,,"LOS ANGELES","LOS ANGELES",-118.29006958007812,33.967803955078125
9572952,2023,2023-05-12,1942,2023-03-23,1415,39028,1267,4,5,7,1942,0,0,0,L,0,25M88,"VERMONT AV","MANCHESTER AV",0.00,,Y,A,-,N,,,,,,,,,,N,2,0,1,2,A,-,12,21453,A,N,D,G,A,A,H,-,A,A,0,,Y,,,Y,,-,"- ",1,0,0,0,0,0,1,0,0,"- ","- ",,,"LOS ANGELES","LOS ANGELES",-118.29177093505859,33.960025787353516
9603041,2023,2023-07-27,1942,2023-06-27,1710,38088,1239,2,5,7,1942,0,0,0,L,0,25MQ59,"FIGUEROA ST",SLAUSON,10.00,N,N,A,-,N,,,,,,,,,,N,2,0,1,2,A,-,03,22350,,N,C,C,A,A,H,-,A,D,0,,,Y,,Y,,C,02,1,0,0,0,0,0,0,0,0,"- ","- ",,,"LOS ANGELES","LOS ANGELES",-118.28267669677734,33.989177703857422
9625797,2023,2023-11-03,1942,2023-08-19,1730,44840,1257,6,5,7,1942,0,0,0,L,0,18X96,"W 79TH ST","S HOOVER ST",25.00,N,N,A,-,N,,,,,,,,,,Y,2,0,1,2,A,-,12,21453,A,F,D,C,A,A,H,-,A,A,0,,,,,Y,,A,01,1,0,0,0,0,0,0,0,0,"- ","- ",,,"LOS ANGELES","LOS ANGELES",-118.28711700439453,33.967819213867188
9626319,2023,2023-10-24,1942,2023-09-05,1756,44000,1218,2,5,7,1942,0,0,0,L,0,12X42,"SLAUSON AV","BONSALLO AV",0.00,,Y,A,-,N,,,,,,,,,,Y,2,0,1,2,A,-,08,22107,,N,B,C,A,A,H,-,A,A,0,,,Y,,Y,,A,01,1,0,0,0,0,0,0,0,1,"- ","- ",,,"LOS ANGELES","LOS ANGELES",-118.28595733642578,33.989158630371094
9640520,2024,2024-07-17,1942,2024-04-11,2125,37146,1218,4,5,7,1942,0,0,0,L,0,25T31,"FIGUEROA ST","54TH ST",0.00,,Y,A,-,N,,,,,,,,,,Y,1,1,2,2,A,-,12,21453,A,F,D,C,A,A,-,-,C,A,0,,,,,Y,,A,01,2,0,0,0,0,0,0,0,0,"- ","- ",,,"LOS ANGELES","LOS ANGELES",-118.28267669677734,33.9932861328125
9653987,2023,2024-01-08,1942,2023-11-17,2025,42720,1248,5,5,7,1942,0,0,0,L,0,25T33W,"VERMONT AV","68TH ST",0.00,,Y,A,-,N,,,,,,,,,,N,2,0,1,2,A,-,10,21950,,F,G,B,C,A,H,-,C,A,0,Y,,,,Y,,-,99,1,0,0,0,1,0,0,0,0,"- ","- ",,,"LOS ANGELES","LOS ANGELES",-118.2918701171875,33.977851867675781
9664753,2023,2024-03-04,1942,2023-12-29,1510,39028,1215,5,5,7,1942,0,0,0,L,0,MQ57,"VERMONT AV","57TH ST",73.00,S,N,A,-,N,,,,,,,,,,N,2,0,1,2,A,-,11,21954,A,N,G,B,D,A,H,-,A,A,0,Y,,,,Y,,A,01,1,0,0,0,1,0,0,0,0,"- ","- ",,,"LOS ANGELES","LOS ANGELES",-118.29148864746094,33.990280151367188
9686208,2024,2024-07-24,1942,2024-05-03,2330,42282,1218,5,5,7,1942,0,0,0,L,0,25TL33,"FIGUEROA ST","53RD ST",0.00,,Y,A,-,N,,,,,,,,,,Y,2,0,2,2,A,-,09,21801,A,F,A,C,A,A,H,-,C,A,0,,,,,Y,,A,07,1,0,1,0,0,0,0,0,0,"- ","- ",,,"LOS ANGELES","LOS ANGELES",-118.28269958496094,33.994205474853516
9687219,2024,2024-04-04,1942,2024-02-27,2350,39151,1249,2,5,7,1942,0,0,0,L,0,25T37,"FIGUEROA ST","65TH ST",0.00,N,N,A,-,N,,,,,,,,,,Y,2,0,2,3,A,-,03,22350,,F,D,C,A,A,H,-,C,D,0,,,,,Y,,A,01,1,0,1,0,0,0,0,0,0,"- ","- ",,,"LOS ANGELES","LOS ANGELES",-118.28269958496094,33.980598449707031
9703485,2024,2024-07-17,1942,2024-05-26,2110,36023,1361,7,5,7,1942,0,0,0,M,0,24TL51,BROADWAY,"52ND ST",40.00,N,N,A,-,N,,,,,,,,,,N,2,0,1,2,A,-,10,21950,A,F,G,B,D,A,H,-,A,D,0,Y,,,,Y,,-,99,1,0,0,0,1,0,0,0,0,"- ","- ",,,"LOS ANGELES","LOS ANGELES",-118.2783203125,33.995639801025391
9704002,2024,2024-08-06,1942,2024-05-18,"150 ",41747,1239,6,5,7,1942,0,0,0,L,0,25T31,"HOOVER ST","59TH PL",12.00,N,N,A,-,N,,,,,,,,,,N,2,0,1,2,A,-,10,21950,A,F,G,B,B,A,H,-,C,A,0,Y,,,,Y,,-,99,1,0,0,0,1,0,0,0,0,"- ","- ",,,"LOS ANGELES","LOS ANGELES",-118.28706359863281,33.985973358154297
9730073,2024,2024-09-18,1942,2024-07-24,"15  ",42720,1267,3,5,7,1942,0,0,0,L,0,25T32,"FIGUEROA ST","83RD ST",50.00,S,N,A,-,N,,,,,,,,,,N,2,0,1,2,A,-,11,21954,A,N,G,B,E,A,H,-,C,D,0,Y,,,,Y,,N,60,1,0,0,0,1,0,0,0,0,"- ","- ",,,"LOS ANGELES","LOS ANGELES",-118.28272247314453,33.964012145996094
9745741,2024,2024-10-28,1942,2024-09-12,2130,42364,1266,4,5,7,1942,0,0,0,L,0,25TL37,"FIGUEROA ST","79TH ST",8.00,S,N,A,-,N,,,,,,,,,,N,2,0,1,2,A,-,10,21950,A,F,G,B,B,A,H,-,C,A,0,Y,,,,Y,,-,"- ",1,0,0,0,1,0,0,0,0,"- ","- ",,,"LOS ANGELES","LOS ANGELES",-118.28272247314453,33.967819213867188
9768806,2024,2025-01-27,1942,2024-11-18,1755,39397,1204,1,5,7,1942,0,0,0,L,0,25T31,"VERMONT AV","48TH ST",15.00,S,N,A,-,N,,,,,,,,,,Y,2,0,1,2,A,-,03,22350,,N,C,C,A,A,H,-,C,A,0,,,Y,,Y,,C,02,1,0,0,0,0,0,0,0,1,"- ","- ",,,"LOS ANGELES","LOS ANGELES",-118.29154205322266,33.999549865722656
9786209,2024,2025-05-03,1942,2024-12-25,"150 ",45172,1371,3,5,7,1942,0,0,0,M,0,24T31,"53RD ST",BROADWAY,0.00,,Y,A,-,N,,,,,,,,,,Y,1,1,4,3,A,-,12,22450,A,N,D,C,A,A,H,-,C,A,0,,,,,Y,,A,01,0,1,3,0,0,0,0,0,0,"- ","- ",,,"LOS ANGELES","LOS ANGELES",-118.27832794189453,33.994205474853516